Course Code,Course Name,Department,Credit,Total Credits,Faculty,Approved Time Slot
AE 202,Fluid Dynamics,Aerospace Engineering,3:0,3.0,Rishita Das,"Wed, Fri 14:00-15:30"
AE 203,Mechanics and Thermodynamics of Propulsion,Aerospace Engineering,3:0,3.0,Sivakumar D,"Tue, Thu 10:00-11:30"
AE 204A,Mechanics of Flight Vehicle Structures,Aerospace Engineering,3:0,3.0,Vivekanand Dabade,"Mon, Wed 10:00-11:30"
AE 205,"Navigation, Guidance and Control",Aerospace Engineering,3:0,3.0,Radhakant Padhi,"Mon, Wed, Fri 12:00-13:00"
AE 211,Mathematical Methods of Aerospace Engineers,Aerospace Engineering,3:0,3.0,Ramesh O N,"Tue, Thu 11:30-13:00"
AE 223A,Hypersonic Aerothermodynamics,Aerospace Engineering,3:0,3.0,Srisha Rao M V,"Mon, Wed, Fri 15:00-16:00"
AE 228,Computation of Viscous Flows,Aerospace Engineering,2:1,3.0,Balakrishnan N,"Tue, Thu 11:30-13:00"
AE 255,Aeroelasticity,Aerospace Engineering,3:0,3.0,Kartik Venkatraman,"Tue, Thu 11:30-13:00"
AE 261,Structural Vibration Control,Aerospace Engineering,3:0,3.0,Siddanagouda Kandagal,"Tue, Thu 11:30-13:00"
AE 296,Experimental Techniques in Aerospace Engineering,Aerospace Engineering,0:1,1.0,Siddanagouda Kandagal,"Tue, Thu 14:00-15:30"
AI 299o,MTech Dissertation Project,Artificial Intelligence Stream,0:27,27.0,Chandramani Kishore Singh,"Tue, Thu 15:30-17:00"
AS 203,Atmospheric Thermodynamics,Atmospheric and Oceanic Sciences,3:0,3.0,Arindam Chakraborty,"Mon, Wed, Fri 10:00-11:00"
AS 207,Introduction to Atmospheric Dynamics,Atmospheric and Oceanic Sciences,3:0,3.0,Jai Suhas Sukhatme,"Tue, Thu 10:00-11:30"
AS 215,Environmental Fluid Dynamics,Atmospheric and Oceanic Sciences,3:0,3.0,Bishakhdatta Gayen,"Tue, Thu 14:00-15:30"
AS 216,Introduction to climate system,Atmospheric and Oceanic Sciences,3:0,3.0,Govindasamy Bala,"Tue, Thu 11:30-13:00"
BC 203,General Biochemistry,Biochemistry,3:0,3.0,Payel Roy & Patrick D Silva & Debabrata Laha,"Mon, Wed, Fri 12:00-13:00"
BC 212,Essentials in Cell Biology,Biochemistry,3:0,3.0,Dipankar Nandi & Patrick D Silva,"Mon, Wed, Fri 09:00-10:00"
BC 306,Essentials in Immunology,Biochemistry,3:0,3.0,Dipankar Nandi & Payel Roy & Kesavardana Sannula,"Tue, Thu 11:30-13:00"
BE 203,Bioengineering Practicum 1,Biosystems Science and Engineering,0:1,1.0,Siddharth Jhunjhunwala,"Mon, Wed, Fri 08:00-09:00"
BE 204,Bioengineering Practicum 2,Biosystems Science and Engineering,0:1,1.0,Siddharth Jhunjhunwala,"Mon, Wed, Fri 08:00-09:00"
BE 206,Biology for Engineers,Biosystems Science and Engineering,3:0,3.0,Ajay Sanjay Tijore & Ramray Bhat,"Mon, Wed, Fri 12:00-13:00"
BE 207,Mathematical Methods for Bioengineers,Biosystems Science and Engineering,3:0,3.0,Bhaskara Rao Chintada,"Tue, Thu 10:00-11:30"
BE 210,Drug Delivery: Principles and Applications,Biosystems Science and Engineering,3:0,3.0,Rachit Agarwal,"Mon, Wed, Fri 11:00-12:00"
BE 213,Fundamentals of Bioengineering 1,Biosystems Science and Engineering,2:0,2.0,Mohit Kumar Jolly,"Tue, Thu 11:30-13:00"
BE 214,Fundamentals of Bioengineering 2,Biosystems Science and Engineering,2:0,2.0,Rachit Agarwal & Medhavi Vishwakarma,"Mon, Wed, Fri 10:00-11:00"
BE 215,Chemistry for Bioengineers,Biosystems Science and Engineering,3:0,3.0,Sanhita Sinharay,"Mon, Wed, Fri 15:00-16:00"
BE 302,Immunoengineering,Biosystems Science and Engineering,3:0,3.0,Siddharth Jhunjhunwala,"Mon, Wed, Fri 09:00-10:00"
CD 211,Physical Chemistry – I Quantum Chemistry and Group Theory,Division of Chemical Sciences,3:0,3.0,Abhishek Sirohiwal,"Tue, Thu 11:30-13:00"
CD 212,Inorganic Chemistry – Main group and coordination chemistry,Division of Chemical Sciences,3:0,3.0,Abhishake Mondal & Geetharani K,"Tue, Thu 10:00-11:30"
CD 213,Organic Chemistry – Structure and Reactivity,Division of Chemical Sciences,3:0,3.0,Garima Jindal & Santanu Mukherjee,"Mon, Wed, Fri 10:00-11:00"
CD 214,Basic Mathematics,Division of Chemical Sciences,3:0,3.0,Sai G Ramesh,"Mon, Wed, Fri 11:00-12:00"
CD 215,Organic & Inorganic Chemistry Laboratory,Division of Chemical Sciences,0:4,4.0,Abhishake Mondal & Partha Sarathi Mukherjee & Jayaraman N,"Mon, Tue, Wed, Thu 14:00-17:00 & Mon, Tue, Wed, Thu 26:00-29:00 & Mon, Tue, Wed, Thu 14:00-17:30"
CD 402,"Molecular Spectroscopy, Dynamics and Photochemistry",Division of Chemical Sciences,3:0,3.0,Soumen Ghosh,"Tue, Thu 11:30-13:00"
CE 201,Basic Geo-mechanics,Civil Engineering,3:0,3.0,Swetha Veeraraghavan,"Tue, Thu 10:00-11:30"
CE 203A,Hydrologic Safety Evaluation of Dams,Civil Engineering,3:0,3.0,Srinivas V V,"Tue, Thu 08:30-10:00"
CE 204,Solid Mechanics,Civil Engineering,3:0,3.0,Ananth Ramaswamy,"Mon, Wed, Fri 11:00-12:00"
CE 207A,Characterization of Bituminous Materials,Civil Engineering,3:0,3.0,Satyavati Komaragiri,"Tue, Thu 08:30-10:00"
CE 210A,Thermodynamic Modelling of Cementitious Systems,Civil Engineering,3:0,3.0,Keshav Bharadwaj Ravi,"Mon, Wed, Fri 14:00-15:00"
CE 211,Mathematics for Engineers,Civil Engineering,3:0,3.0,J M Chandra Kishen & Debraj Ghosh,"Mon, Wed, Fri 10:00-11:00"
CE 212A,"Stochastic dynamics, optimal transport and neural algorithms",Civil Engineering,3:0,3.0,Debasish Roy,"Mon, Wed, Fri 14:00-15:00"
CE 213A,Design for Dynamic and Fatigue Loadings,Civil Engineering,3:0,3.0,J M Chandra Kishen,"Tue, Thu 11:30-13:00"
CE 217,Fluid Mechanics,Civil Engineering,3:0,3.0,Debsunder Dutta,"Tue, Thu 14:00-15:30"
CE 220,Design of Substructures,Civil Engineering,3:0,3.0,Raghuveer Rao Pallepati,"Tue, Thu 11:30-13:00"
CE 221,Earthquake Geotechnical Engineering,Civil Engineering,3:0,3.0,Gali Madhavi Latha,"Tue, Thu 15:30-17:00"
CE 236,Fracture Mechanics,Civil Engineering,3:0,3.0,Remalli Vidya Sagar,"Mon, Wed, Fri 15:00-16:00"
CE 247,Remote Sensing and GIS for Water Resources Engineering,Civil Engineering,3:0,3.0,Nagesh Kumar D,"Tue, Thu 10:00-11:30"
CE 249,Water Quality Modeling,Civil Engineering,3:0,3.0,Sekhar M,"Tue, Thu 11:30-13:00"
CE 260,Rock Mechanics,Civil Engineering,3:0,3.0,Jyant Kumar & Tejas Gorur Murthy,"Tue, Thu 11:30-13:00"
CE 263,Modelling Transport and Traffic,Civil Engineering,3:0,3.0,Ashish Verma,"Tue, Thu 11:30-13:00"
CE 284,"Plates, Shells, and Geometric Elasticity",Civil Engineering,3:0,3.0,Narayan K Sundaram,"Tue, Thu 15:30-17:00"
CH 201,Engineering Mathematics,Chemical Engineering,3:0,3.0,Prabhu R Nott & Ananth Govind Rajan,"Mon, Wed 14:30-16:00"
CH 202,Numerical Methods,Chemical Engineering,3:0,3.0,Bhushan J Toley & Debashis Roy,"Mon, Wed, Fri 11:00-12:00"
CH 203,Transport Processes,Chemical Engineering,3:0,3.0,Kumaran V,"Tue, Thu 11:30-13:00"
CH 204,Thermodynamics,Chemical Engineering,3:0,3.0,Sudeep Neelakantan Punnathanam,"Mon, Wed, Fri 09:00-10:00"
CH 206,Seminar Course,Chemical Engineering,1:0,1.0,Rahul Roy,Fri 14:00-15:00
CH 241,Nanotechnology,Chemical Engineering,3:0,3.0,Venugopal S,"Tue, Thu 08:30-10:00"
CH 242,Special Topics in Theoretical Biology,Chemical Engineering,3:0,3.0,Narendra M Dixit,"Tue, Thu 10:00-11:30"
CH 255,Introduction to Polymer Science,Chemical Engineering,3:0,3.0,Nirmalya Bachhar,"Mon, Wed, Fri 10:00-11:00"
CO 201,The Art of Communications for Leaders,Office of Communications,1:1,2.0,Kaushal Verma,6:00-8:00 PM
CO 204,Science Communication,Office of Communications,2:0,2.0,Kaushal Verma,Wed 11:00-13:00
CO 206,The Yoga Sutras of Well-Being: Ancient Wisdom for,Unknown Department,2:0,2.0,Omkar S N,Fri 15:00-17:00
CO 207,Place of Sport in Society and Culture,Unknown Department,2:0,2.0,Kaushal Verma,Thu 15:00-17:00
CO 302,Introduction to History and Philosophy of Computing,Office of Communications,2:0,2.0,Sanjit Chatterjee,Fri 15:30-17:30
CP 212,Design of Cyber-Physical Systems,Cyber Physical Systems,2:1,3.0,Pandarasamy Arjunan,"Mon, Wed, Fri 11:00-12:00"
CP 214,Foundations of Robotics,Cyber Physical Systems,3:1,4.0,Shishir Nadubettu Yadukumar,"Mon, Wed, Fri 16:00-17:00"
CP 219,Machine Learning for Cyber-Physical and Mobility Systems,Cyber Physical Systems,3:1,4.0,Punit Rathore,"Mon, Wed, Fri 14:30-16:00"
CP 241,Applied Linear and Nonlinear Control,Cyber Physical Systems,2:1,3.0,Pushpak Jagtap,"Tue, Thu 10:00-11:30"
CP 270,"Multi-Agent Systems, Control and Learning",Cyber Physical Systems,3:0,3.0,Pavankumar Tallapragada,"Tue, Thu 15:30-17:00"
CP 320,Operations Research for Mobility Management,Cyber Physical Systems,3:0,3.0,Punit Rathore,Thu 14:00-17:00
CP 322,Robot Manipulation,Cyber Physical Systems,2:1,3.0,Ravi Prakash,"Tue, Thu 11:30-13:00"
CY 215,Advanced Laboratory - 1,Chemical Science,0:3,3.0,Abhishake Mondal & Partha Sarathi Mukherjee,"Mon, Wed, Fri 14:00-15:00 & Mon, Tue, Wed, Thu 26:00-29:00"
DA 206o,Foundations of AI,Data Science & Business Analytics Stream,3:1,4.0,Sundeep Prabhakar Chepuri,"Tue, Thu 16:00-17:30"
DA 227o,Data Mining,Data Science & Business Analytics Stream,3:1,4.0,Parthasarathy Ramachandran,"Mon, Wed 16:00-17:30"
DA 231o,Data Engineering at Scale,Data Science & Business Analytics Stream,3:1,4.0,Yogesh L Simmhan,"Tue, Thu 19:00-20:30"
DA 232o,Intelligent User Interface,Data Science & Business Analytics Stream,3:1,4.0,Pradipta Biswas,Sat 09:00-12:15
DA 241o,Managerial Economics,Data Science & Business Analytics Stream,3:1,4.0,Sumirtha Gandhi,"Fri, Sat 16:00-17:30"
DA 245o,Linear Optimization and Network Science,Data Science & Business Analytics Stream,3:1,4.0,Tarun Rambha,"Mon, Wed 17:30-19:00"
DA 299o,DSBA Stream Project,Data Science & Business Analytics Stream,0:32,32.0,Deepak Narayanan Subramani,"Mon, Wed, Fri 08:00-09:00"
DB 201,Mathematics and Statistics for Biologists,Division of Biological Sciences,2:0,2.0,Shantanu P Shukla & Balaji J,"Tue, Thu 10:00-11:00 & Tue, Thu 10:00-11:30"
DB 225,Project - II,Division of Biological Sciences,0:6,6.0,Tanweer Hussain,"Mon, Wed, Fri 16:00-17:00"
DS 200,Research Methods,Computational and Data Sciences,0:1,1.0,Debnath Pal,Sat 11:00-13:00
DS 201,Bioinformatics,Computational and Data Sciences,2:0,2.0,Debnath Pal,"Mon, Wed, Fri 14:00-15:00"
DS 215,Introduction to Data Science,Computational and Data Sciences,3:0,3.0,Anirban Chakraborty,"Tue, Thu 15:30-17:00"
DS 221,Introduction to Scalable Systems,Computational and Data Sciences,3:1,4.0,Sathish S Vadhiyar & Chirag Jain,"Tue, Thu 11:30-13:00"
DS 252,Cloud Computing,Computational and Data Sciences,3:1,4.0,Yogesh L Simmhan,"Tue, Thu 10:00-11:30"
DS 265o,Deep Learning for Visual Analytics,Artificial Intelligence Stream,3:1,4.0,Venkatesh Babu R,"Tue, Thu 16:00-17:30"
DS 284,Numerical Linear Algebra,Computational and Data Sciences,2:1,3.0,Phani Sudheer Motamarri,"Tue, Thu 14:00-15:30"
DS 288,Numerical Methods,Computational and Data Sciences,3:0,3.0,Ratikanta Behera,"Tue, Thu 08:30-10:00"
DS 290,Modelling and Simulation,Computational and Data Sciences,3:0,3.0,Soumyendu Raha,"Mon, Wed 15:30-17:00"
DS 299A,Dissertation Project A,Computational and Data Sciences,0:12,12.0,Phani Sudheer Motamarri,"Mon, Wed, Fri 17:00-19:00"
DS 307,Ethics In AI,Computational and Data Sciences,3:0,3.0,Danish Pruthi,"Mon, Wed 14:00-15:30"
E0 211,Compilers and Runtime Systems for Modern Languages,Computer Science and Automation,3:1,4.0,Raghavan K V,"Tue, Thu 10:00-11:30"
E0 214,Applied Linear Algebra and Optimization,Computer Science and Automation,3:0,3.0,Shirish Krishnaji Shevade,"Mon, Wed 15:30-17:00"
E0 225,Design and Analysis of Algorithms,Computer Science and Automation,3:1,4.0,Rahul Saladi & Anand Louis,"Mon, Wed 14:00-15:30 & Mon, Wed, Fri 14:00-15:00"
E0 227,Program Analysis and Verification,Computer Science and Automation,3:1,4.0,Raghavan K V & Deepak D'Souza,"Mon, Wed, Fri 08:00-09:00 & Tue, Thu 14:00-15:30"
E0 230,Computational Methods of Optimization,Computer Science and Automation,3:1,4.0,Chiranjib Bhattacharyya,"Tue, Thu 11:30-13:00"
E0 232,Probability and statistics,Computer Science and Automation,3:1,4.0,Anant Raj,"Tue, Thu 11:30-13:00"
E0 235,Cryptography,Computer Science and Automation,3:1,4.0,Arpita Patra,"Tue, Thu 15:30-17:00"
E0 240,Modeling and Simulation,Computer Science and Automation,3:1,4.0,Sumit Kumar Mandal,"Tue, Thu 11:30-13:00"
E0 243,Computer architecture,Computer Science and Automation,3:1,4.0,Sanchari Sen & Arkaprava Basu,"Tue, Thu 11:30-13:00 & Tue, Thu 08:30-10:00"
E0 256,Theory and Practice of Computer Systems Security,Computer Science and Automation,3:1,4.0,Vinod Ganapathy,"Tue, Thu 08:30-10:00"
E0 271,Graphics and Visualization,Computer Science and Automation,3:1,4.0,Vijay Natarajan,"Tue, Thu 11:30-13:00"
E0 284,Digital VLSI Circuits,Electronic Systems Engineering,2:1,3.0,Viveka Konandur Rajanna,"Tue, Thu 10:00-11:30"
E0 297,Cryptographic Hardware Accelerators,Electronic Systems Engineering,2:1,3.0,Utsav Banerjee,"Mon, Wed, Fri 11:00-12:00"
E0 298,Linear Algebra and Its Applications,Electrical Engineering,3:1,4.0,Vaibhav Katewa,"Tue, Thu 10:00-11:30"
E0 334,Deep Learning for Natural Language Processing,Computer Science and Automation,3:1,4.0,Shirish Krishnaji Shevade,"Tue, Thu 15:30-17:00"
E0 339,Advanced Reinforcement Learning,Computer Science and Automation,3:1,4.0,Gugan Chandrashekhar Mallika Thoppe,"Tue, Thu 08:30-10:00"
E0 341,Topics in Combinatorial Optimization,Computer Science and Automation,3:1,4.0,Arindam Khan & Siddharth Barman,"Tue, Thu 15:30-17:00 & Tue, Thu 14:00-15:30"
E0 358,Advanced Techniques in Compilation and Programming for Parallel Architectures,Computer Science and Automation,3:1,4.0,Uday Kumar Reddy B,"Tue, Thu 10:00-11:30"
E1 220o,Linear Algebra,Electronics & Communication Engg. Stream,3:1,4.0,Kunal Narayan Chaudhury,"Mon, Wed, Fri 16:00-17:00"
E1 222,Stochastic Models and Applications,Electrical Engineering,3:0,3.0,Subbayya Sastry P,"Mon, Wed 09:30-11:00"
E1 240,Theory of Multi-Armed Bandits,Electrical Communication Engineering,3:0,3.0,Shubhada Agrawal,"Tue, Thu 08:30-10:00"
E1 241,Dynamics of Linear Systems,Electrical Engineering,3:0,3.0,Kiran Kumari,"Tue, Thu 14:00-15:30"
E1 250,Mathematics for Electric Power Engineers,Electrical Engineering,3:0,3.0,Kaushik Basu,"Mon, Wed, Fri 11:00-12:00"
E1 251,Linear and Nonlinear Optimization,Electrical Engineering,3:0,3.0,Muthuvel Arigovindan,"Wed, Fri 14:00-15:30"
E1 276,Foundations of Asymptotic Probability,Computer Science and Automation,3:0,3.0,Shalabh Bhatnagar,"Tue, Thu 10:00-11:30"
E1 277o,Reinforcement Learning,Artificial Intelligence Stream,3:1,4.0,Shalabh Bhatnagar,"Mon, Wed 19:00-20:30"
E1 286o,Deep Generative Models,Artificial Intelligence Stream,3:1,4.0,Prathosh A P,Sat 10:00-13:00
E2 202,Random Processes,Electrical Communication Engineering,3:0,3.0,Rajesh Sundaresan,"Tue, Thu 14:00-15:30"
E2 202o,Random Process,Electronics & Communication Engg. Stream,3:1,4.0,Srikanth Krishnan Iyer,"Tue, Thu 29:30-31:00"
E2 205,Error-Control Coding,Electrical Communication Engineering,3:0,3.0,Navin Kashyap,"Tue, Thu 11:30-13:00"
E2 207,Concentration Inequalities,Electrical Communication Engineering,3:0,3.0,Chandra R Murthy & Aditya Gopalan,"Tue, Thu 10:00-11:30"
E2 211,Digital Communication,Electrical Communication Engineering,3:0,3.0,Sundar Rajan B,"Tue, Thu 08:30-10:00"
E2 212,Matrix Theory,Electrical Communication Engineering,3:0,3.0,Sudhan Majhi,"Tue, Thu 10:00-11:30"
E2 221,Communication Networks,Electrical Communication Engineering,3:0,3.0,Chandramani Kishore Singh & Parimal Parag,"Mon, Wed 09:00-10:30"
E2 237,Statistical Learning Theory,Electrical Communication Engineering,3:0,3.0,Parimal Parag,"Tue, Thu 15:30-17:00"
E2 240,Introduction to Machine Learning,Electronic Systems Engineering,3:0,3.0,Chandramani Kishore Singh,"Tue, Thu 09:00-10:30"
E2 252,Communication and Radar Systems Design,Electrical Communication Engineering,3:0,3.0,Chockalingam A & Nishant Mehrotra,"Mon, Wed, Fri 16:00-17:00"
E2 299o,MTech(Online) ECE Stream Project,Electronics & Communication Engg. Stream,0:28,28.0,Debdeep Sarkar,PROJECT: SATURDAY-SUNDAY
E3 220,Foundations of Nanoelectronic Devices,Electrical Communication Engineering,3:0,3.0,Akshay Kumar Mahadev Arabhavi,"Mon, Wed 10:00-11:30"
E3 229,Principles of Microelectronic Devices,Electronic Systems Engineering,3:0,3.0,Santanu Mahapatra,"Mon, Wed, Fri 11:00-12:00"
E3 238,Analog VLSI Circuits,Electrical Communication Engineering,2:1,3.0,Arup Polley,"Mon, Wed, Fri 09:00-10:00"
E3 245,Processor System Design,Electronic Systems Engineering,2:1,3.0,Kuruvilla Varghese,"Tue, Thu 10:00-11:30"
E3 257,Embedded System Design,Electronic Systems Engineering,2:1,3.0,Dagale Haresh Ramji,"Mon, Wed, Fri 10:00-11:00"
E3 258,Design for Internet of Things,Electronic Systems Engineering,2:1,3.0,Prabhakar T V,"Mon, Wed, Fri 09:00-10:00"
E3 277,Introduction to Integrated Circuit (IC) Design,Electrical Communication Engineering,2:1,3.0,Gaurab Banerjee,"Mon, Wed, Fri 10:00-11:00"
E3 282,Basics of Semiconductor Devices and Technology,Electronic Systems Engineering,:0,0.0,Maheswari Sivan,"Mon, Wed 11:30-13:00"
E3 293,Semiconductor Fabrication and VLSI Process Technol,Electronic Systems Engineering,3:0,3.0,Mayank Shrivastava,"Tue, Thu 11:30-13:00"
E4 231,Power System Dynamics and Control,Electrical Engineering,3:0,3.0,Gurunath Gurrala,"Tue, Thu 11:30-13:00"
E4 234,Advanced Power Systems Analysis,Electrical Engineering,3:0,3.0,Sarasij Das,"Mon, Wed, Fri 10:00-11:00"
E4 240,Robust Control Theory and Its Application,Electrical Engineering,3:0,3.0,Soham Chakraborty,"Tue, Thu 15:30-17:00"
E6 201,Power Electronics,Electrical Engineering,3:1,4.0,Vishnu Mahadeva Iyer,"Mon, Wed, Fri 09:00-10:00"
E6 203,Mechatronics System Design,Electronic Systems Engineering,1:2,3.0,L Umanand,Tue 12:00-13:00
E6 223,PWM Converters and Applications,Electrical Engineering,3:0,3.0,Narayanan G,"Mon, Wed, Fri 12:00-13:00"
E6 224,Topics in Power Electronics and Distributed Generation,Electrical Engineering,3:0,3.0,Vinod John,"Tue, Thu 10:00-11:30"
E6 225,Advanced Power Electronics,Electrical Engineering,3:0,3.0,Kaushik Basu,"Mon, Wed, Fri 10:00-11:00"
E6 228,Grid Integration of Inverter-Based Energy Sources,Electrical Engineering,3:0,3.0,Samir Hazra,"Mon, Wed, Fri 11:00-12:00"
E6 240,Multilevel Inverters: Topology and Control,Electrical Engineering,3:0,3.0,Tapas Roy,"Tue, Thu 11:30-13:00"
E7 211,Photonics Integrated Circuits,Electrical Communication Engineering,3:0,3.0,Srinivas Talabattula,"Mon, Wed, Fri 11:00-12:00"
E7 225,Basics of Optics and Photonics,Electrical Communication Engineering,3:1,4.0,Balaswamy Velpula & Varun Raghunathan,"Tue, Thu 11:30-13:00"
E8 201,Electromagnetism,Electrical Engineering,3:0,3.0,Udaya Kumar,"Tue, Thu 10:00-11:30"
E8 205o,Antennas and Circuits for Emerging Communication a,Electronics & Communication Engg. Stream,3:1,4.0,Debdeep Sarkar,Sat 16:00-27:00
E8 304,Electromagnetic Metamaterials: Concepts and Applications,Electrical Communication Engineering,3:0,3.0,Debdeep Sarkar,"Tue, Thu 15:30-17:00"
E8 311,Advanced Topics in Electromagnetics,Electrical Communication Engineering,2:1,3.0,Vinoy K J,"Tue, Thu 10:00-11:30"
E9 201,Digital Signal Processing,Electrical Engineering,3:0,3.0,Prasanta Kumar Ghosh & Soma Biswas,"Tue, Thu 15:30-17:00"
E9 241,Digital Image Processing,Electrical Engineering,2:1,3.0,Bharath V & Soma Biswas,"Tue, Thu 10:00-11:30 & Mon, Wed, Fri 14:00-15:00"
E9 247,Learning for 3D Vision and Inverse Graphics,Electrical Communication Engineering,3:1,4.0,Rajiv Soundararajan,"Tue, Thu 10:00-11:30"
E9 333,Advanced Deep Representation Learning,Electrical Communication Engineering,3:1,4.0,Prathosh A P,"Mon, Wed 11:30-13:00"
EC 202,Ecology: Pattern and Process,Ecological Sciences,2:1,3.0,Umesh Srinivasan,"Tue, Thu 14:30-16:00"
EC 301,Animal Behaviour : Mechanisms and Evolution,Ecological Sciences,2:1,3.0,Rohini Balakrishnan & Kavita Isvaran,"Tue, Thu 11:30-13:00"
EC 305,Quantitative Ecology : Research Design and Inference,Ecological Sciences,2:1,3.0,Umesh Srinivasan,"Wed, Fri 11:00-12:30 & Fri 15:00-17:00"
EC 309A,Ecosystems and Global Change,Ecological Sciences,3:0,3.0,Sumanta Bagchi,"Tue, Thu 10:00-11:30"
ED 299A,MTech Dissertation Project - A,Electronic Systems Engineering,0:11,11.0,Hardik Jeetendra Pandya,"Mon, Wed, Fri 08:00-09:00"
ER 201,Renewable Energy Technologies,Energy Research,3:0,3.0,Pradip Dutta,"Mon, Wed, Fri 14:00-15:00"
ER 202,Thermodynamics of Energy Systems,Energy Research,3:0,3.0,Pramod Kumar,"Tue, Thu 10:00-11:30"
ER 208,Introduction to Micro Energy Harvesting,Energy Research,3:0,3.0,Farsa Ram,"Tue, Thu 15:30-17:00"
ER 210,Heat and Mass Transfer,Energy Research,3:0,3.0,Jaichander Swaminathan,"Mon, Wed, Fri 16:00-17:00"
ES 202,Biogeochemistry,Earth Sciences,3:0,3.0,Prosenjit Ghosh,"Tue, Thu 10:00-11:30"
ES 204,Origin and Evolution of the Earth,Earth Sciences,3:0,3.0,Ramananda Chakrabarti,"Tue, Thu 11:30-13:00"
ES 205,Mathematics for Geophysicists,Earth Sciences,3:0,3.0,Binod Sreenivasan,"Tue, Thu 08:30-10:00"
ES 206,Solid Earth Geophysics,Earth Sciences,3:0,3.0,Attreyee Ghosh,"Tue, Thu 15:30-17:00"
ES 207,Earth Science Laboratory,Earth Sciences,0:3,3.0,Ramananda Chakrabarti,"Mon, Wed, Fri 14:00-17:00"
ES 215,Earth Science Laboratory - I,Earth Sciences,3:0,3.0,Ramananda Chakrabarti & Sambuddha Misra,"Mon, Wed, Fri 14:00-17:00 & Tue, Thu 14:00-15:30"
ES 218,Introduction to Seismology,Earth Sciences,3:0,3.0,Pawan Bharadwaj Pisupati,"Mon, Wed, Fri 12:00-13:00"
ES 220,Introduction to satellite Geodesy,Earth Sciences,3:0,3.0,Bramha Dutt Vishwakarma,"Mon, Wed, Fri 11:00-12:00"
ET 299A,MTech Dissertation Project - A,Electronic Systems Engineering,0:13,13.0,Hardik Jeetendra Pandya,"Mon, Wed, Fri 09:00-10:00"
EX 299A,"Project (MTech Electronics and Commun, Aug term)",Electrical Communication Engineering,0:8,8.0,Navin Kashyap,PROJECT
HE 215,Nuclear and Particle Physics,Physics,3:0,3.0,Sudhir Kumar Vempati,"Mon, Wed 09:00-10:30"
HE 314,Astroparticle Physics,High Energy Physics,3:0,3.0,Nirmal Raj,"Tue, Thu 10:00-11:30"
HE 386,Experimental High Energy Physics,High Energy Physics,3:0,3.0,Jyothsna Rani Komaragiri,"Tue, Thu 15:30-17:00"
HE 395,Quantum Field Theory I,High Energy Physics,3:0,3.0,Prasad Satish Hegde,"Tue, Thu 14:00-15:30"
HE 398,General Relativity,High Energy Physics,3:0,3.0,Gaurav Narain,"Tue, Thu 11:30-13:00"
IN 201,Analytical Instrumentation,Instrumentation and Applied Physics,3:0,3.0,Manukumara Manjappa,"Tue, Thu 11:30-13:00"
IN 203,Micro to Quantum Supercapacitor Devices,Instrumentation and Applied Physics,3:0,3.0,Abha Misra,"Tue, Thu 10:00-11:30"
IN 204,Basic Instrumentation Laboratory,Instrumentation and Applied Physics,0:3,3.0,Jayanth G R & Baladitya Suri & Atanu Kumar Mohanty,"Mon, Tue, Wed 15:00-17:30"
IN 205,Optical Instrumentation lab 1,Instrumentation and Applied Physics,0:3,3.0,Jaya Prakash & Tapajyoti Das Gupta & Sai Siva Gorthi & Manukumara Manjappa,"Mon, Wed, Fri 14:00-17:00"
IN 206,Signals and Systems for Digital Health,Instrumentation and Applied Physics,2:1,3.0,Jaya Prakash,"Mon, Wed, Fri 09:00-10:00"
IN 221,Sensors and Transducers,Instrumentation and Applied Physics,3:0,3.0,Chandni U & Baladitya Suri & Manish Arora,"Mon, Wed, Fri 12:00-13:00"
IN 227,Control Systems Design,Instrumentation and Applied Physics,3:0,3.0,Jayanth G R,"Tue, Thu 08:30-10:00"
IN 232,Concepts in solid state physics,Instrumentation and Applied Physics,3:0,3.0,Tapajyoti Das Gupta & Chandni U,"Tue, Thu 10:00-11:30"
IN 277,Instrumentation Electronics Laboratory,Instrumentation and Applied Physics,2:1,3.0,Atanu Kumar Mohanty,"Tue, Thu 11:30-13:00"
IN 280,Optical Instrumentation,Instrumentation and Applied Physics,2:1,3.0,Sai Siva Gorthi,"Mon, Wed, Fri 14:00-15:00"
IN 299P,Project,Instrumentation and Applied Physics,0:5,5.0,Baladitya Suri,ALL DAYS
IN 302,Classical and Quantum Optics,Instrumentation and Applied Physics,3:0,3.0,Partha Pratim Mondal,"Mon, Wed, Fri 16:00-17:00"
IP 203,Group Theory and Molecular Spectroscopy,Inorganic and Physical Chemistry,3:0,3.0,Anoop Thomas,"Mon, Wed, Fri 09:00-10:00"
IP 311,Bio and Medicinal Inorganic Chemistry,Inorganic and Physical Chemistry,3:0,3.0,Debasis Das,"Mon, Wed 14:30-16:00"
IP 312,Advanced Organometallic Chemistry,Inorganic and Physical Chemistry,3:0,3.0,Balaji R Jagirdar,"Mon, Wed, Fri 10:00-11:00"
LS 102,Opportunities and Extensions in Life Sciences - Pa,Life Sciences,1:0,1.0,Deepak Kumar Saini & Maria Thaker,Fri 15:00-17:00
LS 204,Biochemistry and Biophysics,Life Sciences,3:0,3.0,Jayanta Chatterjee,"Mon, Wed, Fri 10:00-11:00"
LS 209,Laboratory course in Molecular Techniques,Life Sciences,0:2,2.0,Meetali Singh,"Mon, Tue, Wed, Thu 14:00-17:00"
MA 200,Multivariable Calculus,Mathematics,3:1,4.0,Vamsi Pritham Pingali,"Mon, Wed, Fri 11:00-12:00"
MA 212,Algebra I,Mathematics,3:0,3.0,Apoorva Khare,"Tue, Thu 10:00-11:30"
MA 215,Introduction to Modular Forms,Mathematics,3:0,3.0,Soumya Das,"Mon, Wed, Fri 12:00-13:00"
MA 219,Linear Algebra,Mathematics,3:1,4.0,Radhika Ganapathy,"Mon, Wed, Fri 09:00-10:00"
MA 231,Topology,Mathematics,3:1,4.0,Ved V Datar,"Mon, Wed, Fri 10:00-11:00"
MA 232,Introduction to Algebraic Topology,Mathematics,3:0,3.0,Harish Seshadri,"Mon, Wed, Fri 15:00-16:00"
MA 242,Partial Differential Equations,Mathematics,3:0,3.0,Thirupathi Gudi,"Tue, Thu 10:00-11:30"
MA 261,Probability Models,Mathematics,3:0,3.0,Purvi Gupta,"Mon, Wed, Fri 11:00-12:00"
MA 312,Commutative Algebra,Mathematics,3:0,3.0,Bharathwaj Palvannan,"Tue, Thu 14:00-15:30"
MA 313,Algebraic Number Theory,Mathematics,3:0,3.0,Bharathwaj Palvannan,"Tue, Thu 15:30-17:00"
MA 315,Lie Algebra and Their Representation,Mathematics,3:0,3.0,Apoorva Khare,"Tue, Thu 11:30-13:00"
MA 333,Riemannian Geometry,Mathematics,3:0,3.0,Ved V Datar,"Mon, Wed 13:30-15:00"
MA 347B,"Hyperbolic Conservation Laws: Theory, Numerics, and Applications",Mathematics,3:0,3.0,Ganesh Kiran Vaidya,"Tue, Thu 15:30-17:00"
MA 361,Probability theory,Mathematics,3:0,3.0,Manjunath Krishnapur,"Tue, Thu 14:00-15:30"
MA 389A,Seminar on topics in mathematics I,Mathematics,1:0,1.0,Vamsi Pritham Pingali,"Mon, Wed, Fri 12:00-13:00"
MB 201A,Introduction to Biophysical Chemistry,Molecular Biophysics Unit,3:0,3.0,Ashok Sekhar,"Tue, Thu 11:30-13:00"
MB 202,Introduction to Macromolecular X-ray Crystallography,Molecular Biophysics Unit,3:0,3.0,Aravind Penmatsa,"Mon, Wed, Fri 10:00-11:00"
MB 204,Molecular Spectroscopy and its Biological Applications,Molecular Biophysics Unit,3:0,3.0,Siddhartha P Sarma,"Mon, Wed, Fri 09:00-10:00"
MB 206,Conformational and Structural aspects of biopolymers,Molecular Biophysics Unit,3:0,3.0,Vidya Mangala Prasad & Mahavir Singh & Anand Srivastava,"Mon, Wed, Fri 11:00-12:00"
MB 214,Neuronal Physiology and Plasticity,Molecular Biophysics Unit,3:0,3.0,Rishikesh Narayanan,"Mon, Wed, Fri 16:00-17:00"
MB 222,Electron microscopy and 3D image processing for Life sciences,Molecular Biophysics Unit,3:0,3.0,Vidya Mangala Prasad & Somnath Dutta,"Tue, Thu 10:00-11:30"
MC 203,Microbiology,Microbiology and Cell Biology,3:0,3.0,Dipshikha Chakravortty & Samay Ravindra Pande & Amit Singh,"Mon, Wed, Fri 11:00-12:00"
MC 205,Pathogen - Host interactions and immune evasion mechanisms,Microbiology and Cell Biology,2:0,2.0,Balaji Kithiganahalli,"Thu, Fri 14:30-15:30"
MC 206,RNA Biology,Microbiology and Cell Biology,2:0,2.0,Saumitra Das & Purusharth Rajyaguru,"Mon, Wed 12:00-13:00"
MC 208,Principles of Genetic Engineering,Microbiology and Cell Biology,2:0,2.0,Shashank Tripathi & Naresh Loudya,"Tue, Thu 17:30-18:30"
MC 212,Advances in Cell Biology,Microbiology and Cell Biology,2:0,2.0,Subba Rao Gangi Setty & Sachin Kotak,"Wed, Fri 09:00-10:00"
MC 218,Advances in Molecular Biology,Microbiology and Cell Biology,2:0,2.0,Shovamayee Maharana,"Tue, Thu 10:00-11:30"
ME 201,Fluid Mechanics,Mechanical Engineering,3:0,3.0,Ratnesh K Shukla & Balachandra Suri & Gaurav Tomar,"Tue, Thu 11:30-13:00"
ME 242,Solid Mechanics,Mechanical Engineering,3:0,3.0,Chandrashekhar S Jog,"Mon, Wed, Fri 10:00-11:00"
ME 243,Continuum Mechanics,Mechanical Engineering,3:0,3.0,Chandrashekhar S Jog,"Tue, Thu 11:30-13:00"
ME 246,Introduction to Robotics,Mechanical Engineering,3:0,3.0,Jishnu Keshavan,"Tue, Thu 14:00-15:30"
ME 250,Structural Acoustics,Mechanical Engineering,3:0,3.0,Venkata R Sonti,"Tue, Thu 11:30-13:00"
ME 255,Principles of Tribology,Mechanical Engineering,3:0,3.0,Bobji M S,"Mon, Wed, Fri 12:00-13:00"
ME 259,Nonlinear Finite Element Methods,Mechanical Engineering,3:0,3.0,Narasimhan R,"Mon, Wed 11:30-13:00"
ME 260,"Structural Optimiztion:Size, Shape, and Topology",Mechanical Engineering,3:0,3.0,Ananthasuresh G K,"Tue, Thu 08:30-10:00"
ME 261,Engineering Mathematics,Mechanical Engineering,3:0,3.0,Venkata R Sonti & Shubhadeep Mandal & Akshay Joshi,"Tue, Thu 15:30-17:00"
ME 262,Wave Propagation in Solids,Mechanical Engineering,3:0,3.0,Akshay Joshi & Debashish Das,"Tue, Thu 14:00-15:30"
ME 263,Applied Finite Element Analysis,Mechanical Engineering,2:1,3.0,Ramsharan Rangarajan,"Mon, Wed, Fri 15:00-16:00"
ME 283,Two Phase Flows and Boiling Heat Transfer,Mechanical Engineering,3:0,3.0,Susmita Dash,"Tue, Thu 11:30-13:00"
ME 285,Turbomachine Theory,Mechanical Engineering,3:0,3.0,Raghuraman N Govardhan,"Mon, Wed, Fri 14:00-15:00"
ME 297,Departmental Seminar,Mechanical Engineering,1:0,1.0,Akshay Joshi,Fri 16:00-17:00
ME 299A,MTech Project A,Mechanical Engineering,0:9,9.0,Aloke Kumar,M/T/W/TH/FRI
ME 306,Analytical and Statistical Thermodynamics,Mechanical Engineering,3:0,3.0,Koushik Viswanathan & Gaurav Tomar,"Mon, Wed, Fri 10:00-11:00 & Mon, Wed, Fri 12:00-13:00"
MG 201,Managerial Economics,Management Studies,3:0,3.0,Sumirtha Gandhi,"Mon, Wed 09:00-10:30"
MG 212,Behavioral Science,Management Studies,2:1,3.0,Anjula Gurtoo,Wed 14:00-17:00
MG 219,Introductory Probability Theory,Management Studies,3:0,3.0,Mukhopadhyay C,"Tue, Thu 14:00-15:30"
MG 225,Decision Models,Management Studies,3:0,3.0,Parthasarathy Ramachandran,"Mon, Wed 09:00-10:30"
MG 229,Regression and Time Series Analysis,Management Studies,3:0,3.0,Mukhopadhyay C,"Tue, Thu 15:45-17:15"
MG 241,Marketing Management,Management Studies,3:0,3.0,Shashi Jain,"Tue, Thu 11:30-13:00"
MG 251,Finance and Accounts,Management Studies,3:0,3.0,Shashi Jain,"Tue, Thu 09:30-11:00"
MG 261,Operations Management,Management Studies,3:0,3.0,Shashi Jain,Fri 10:00-13:00
MG 265,Data Mining,Management Studies,3:0,3.0,Parthasarathy Ramachandran,"Tue, Thu 09:00-10:30"
MN 202,Digital Manufacturing,Product Design and Manufacturing,3:0,3.0,Dibakar Sen,"Tue, Thu 11:30-13:00"
MN 205,Makers’ Project,Product Design and Manufacturing,1:2,3.0,Vishal Singh,Thu 14:00-17:00
MN 207,"Intelligent Mobile Robots: Perception, Action and Control",Product Design and Manufacturing,2:1,3.0,Abhra Roy Chowdhury,"Mon, Wed, Fri 16:00-17:00"
MN 299,Dissertation Project,Product Design and Manufacturing,0:24,24.0,Vishal Singh,Thu 14:00-17:00
MR 309,Introduction to Supramolecular Chemistry,Materials Research Centre,3:0,3.0,Subinoy Rana,"Tue, Thu 11:30-13:00"
MR 310,Light emitting materials and devices,Materials Research Centre,3:0,3.0,Rajamalli P,"Tue, Thu 14:00-15:30"
MT 202,Thermodynamics and Kinetics,Materials Engineering,3:0,3.0,Sai Gautam Gopalakrishnan,"Mon, Wed, Fri 10:00-11:00"
MT 204,Structure and Properties of Materials,Materials Engineering,3:0,3.0,Karthikeyan Subramanian & Rajeev Ranjan,"Mon, Wed, Fri 09:00-10:00"
MT 206,Texture and Grain Boundary Engineering,Materials Engineering,3:0,3.0,Satyam Suwas,"Tue, Thu 17:00-18:30"
MT 211,"Magnetism, Magnetic Materials, and Devices",Materials Engineering,3:0,3.0,Bhagwati Prasad,"Tue, Thu 10:00-11:30"
MT 217,Computational  Mathematics for Materials Engineers,Materials Engineering,3:0,3.0,Abhik N Choudhury & Pikee Priya,"Tue, Thu 11:30-13:00"
MT 220,Microstructural Engineering of Structural Materials,Materials Engineering,3:0,3.0,Surendra Kumar Makineni,"Mon, Wed, Fri 15:00-16:00"
MT 231,Interfacial Phenomena in Materials Processing,Materials Engineering,3:0,3.0,Ashok M Raichur,"Mon, Wed, Fri 17:00-18:00"
MT 240,Principles of Electrochemistry and Corrosion,Materials Engineering,3:0,3.0,Naga Phani B Aetukuri & Sai Gautam Gopalakrishnan,"Tue, Thu 15:30-17:00"
MT 245,Transport Processes in Process Metallurgy,Materials Engineering,3:0,3.0,Govind S Gupta,"Mon, Wed, Fri 08:00-09:00"
MT 250,Introduction to Materials Science and Engineering,Materials Engineering,3:0,3.0,Subodh Kumar,"Mon, Wed, Fri 14:00-15:00"
MT 253,Mechanical Behaviour of Materials,Materials Engineering,3:0,3.0,Ankur Chauhan,"Tue, Thu 08:30-10:00"
MT 261,Organic Electronics,Materials Engineering,3:0,3.0,Praveen Ramamurthy,"Mon, Wed, Fri 12:00-13:00"
MT 271,Introduction to Biomaterials Science and Engineering,Materials Engineering,3:0,3.0,Kaushik Chatterjee,"Tue, Thu 14:00-15:30"
MT 273,Semiconductor Films: Deposition and Spectroscopic Characterization,Materials Engineering,3:0,3.0,Sachin R Rondiya,"Mon, Wed, Fri 16:00-17:00"
MT 310,Manufacturing Process modelling,Materials Engineering,3:0,3.0,Prosenjit Das,"Tue, Thu 15:30-17:00"
MT 312,Polymer Engineering and Sustainable Materials,Materials Engineering,3:0,3.0,Suryasarathi Bose,"Mon, Wed, Fri 11:00-12:00"
NE 201A,Theory of structural and functional characterization,Nanoscience and Engineering,3:0,3.0,Akshay K Naik,"Mon, Wed, Fri 12:00-13:00"
NE 201B,Lab for structural and functional characterization,Nanoscience and Engineering,0:2,2.0,Akshay K Naik,"Mon, Wed, Fri 12:00-13:00"
NE 202,Micro AND Nano Fabrication,Nanoscience and Engineering,0:2,2.0,Sushobhan Avasthi & Shankar Kumar Selvaraja,"Mon, Wed, Fri 14:00-15:00"
NE 203A,Advanced micro and nanofabrication technology and process,Nanoscience and Engineering,3:1,4.0,Sushobhan Avasthi & Shankar Kumar Selvaraja,"Tue, Thu 11:30-13:00"
NE 206A,Semiconductor Device Physics: Basic Devices,Nanoscience and Engineering,3:1,4.0,Sushobhan Avasthi,"Mon, Wed, Fri 09:00-10:00"
NE 215,Applied Solid State Physics,Nanoscience and Engineering,3:0,3.0,Chandan Kumar,"Mon, Wed 15:30-17:00"
NE 222,"MEMS: Modeling, Design, and Implementation",Nanoscience and Engineering,3:0,3.0,Saurabh Arun Chandorkar,"Tue, Thu 10:00-11:30"
NE 231,Microfluidics,Nanoscience and Engineering,3:0,3.0,Prosenjit Sen,"Mon, Wed, Fri 10:00-11:00"
NE 240,"Materials design principles for electronic, electromechanical and",Nanoscience and Engineering,3:0,3.0,Pavan Nukala,"Tue, Thu 14:00-15:30"
NE 303,Semiconductor Process Integration,Nanoscience and Engineering,2:1,3.0,Sushobhan Avasthi,"Mon, Wed, Fri 11:00-12:00"
NE 313,Lasers: Principles and Systems,Nanoscience and Engineering,3:0,3.0,Balaswamy Velpula & Supradeepa V R,"Mon, Wed 14:00-15:30"
NE 314,Semiconductor Opto-electronics and Photovoltaics,Nanoscience and Engineering,3:0,3.0,Aditya Sadhanala,"Tue, Thu 08:30-10:00"
NS 201,Systems Neuroscience,Neuroscience,2:0,2.0,Aditya Murthy & Supratim Ray & S P Arun,"Mon, Wed 10:00-11:00"
NS 202,Molecular and Cellular Basis of Behaviour,Neuroscience,2:0,2.0,Balaji J & Debasish Roy,"Tue, Fri 09:00-10:00"
NS 203,Cognitive Neuroscience,Neuroscience,2:0,2.0,Sridharan Devarajan & Padmala Srikanth,"Mon, Wed 09:00-10:00"
NS 204,Developmental Neuroscience,Neuroscience,2:0,2.0,Kavita Babu & Arnab Barik,Thu 09:00-10:00 & Fri 10:00-11:00
OC 231,Chemistry of Proteins and Peptides,Organic Chemistry,3:0,3.0,Erode N Prabhakaran,"Tue, Thu 08:30-10:00"
OC 301,Organic Synthesis II,Organic Chemistry,3:0,3.0,Kavirayani R Prasad,"Tue, Thu 11:30-13:00"
OC 302,Asymmetric Catalysis: From Fundamentals to Frontiers,Organic Chemistry,3:0,3.0,Akkattu T Biju,"Tue, Thu 15:30-17:00"
PD 201,Elements of Design,Product Design and Manufacturing,2:1,3.0,Vishal Singh,Wed 11:00-17:00
PD 202,Elements of Solid and Fluid Mechanics,Product Design and Manufacturing,2:1,3.0,Manish Arora,Mon 10:00-11:00 & Fri 09:00-10:00 & Thu 11:00-13:00
PD 204,Basics of Electronics for Product Design and Manufacturing,Product Design and Manufacturing,2:1,3.0,Abhijit Biswas,Mon 10:00-11:00 & Thu 11:00-13:45 & Fri 09:00-10:00
PD 206,"Basics of Computing, AI and Data Science for Design and Manufacturing",Product Design and Manufacturing,2:1,3.0,Abhijit Biswas,"Mon, Tue, Thu 09:00-10:00 & Fri 16:00-18:00"
PD 207,"Product Visualization, Communication and Presentation",Product Design and Manufacturing,1:2,3.0,Vishal Singh,Mon 11:00-15:00 & Wed 09:00-11:00
PD 209,New Product Development: Concepts and Tools,Product Design and Manufacturing,2:1,3.0,Vishal Singh,Tue 11:00-17:00
PD 233,Design of Biomedical Devices and Systems,Product Design and Manufacturing,2:1,3.0,Manish Arora,"Mon, Thu 09:00-10:00 & Tue 10:00-13:00"
PD 234,Intelligent User Interface,Product Design and Manufacturing,2:1,3.0,Pradipta Biswas,"Mon, Wed, Fri 08:00-09:00"
PD 239,Design and Society,Product Design and Manufacturing,0:3,3.0,Vishal Singh,Thu 14:00-17:00
PD 298,Dissertation Project,Product Design and Manufacturing,0:22,22.0,Vishal Singh,Thu 14:00-17:00
PH 201,Classical Mechanics,Physics,3:0,3.0,Baladitya Suri,"Tue, Thu 09:30-11:00"
PH 203,Quantum Mechanics-I,Physics,3:0,3.0,Banibrata Mukhopadhyay,"Mon, Fri 10:30-12:00"
PH 205,Math Methods of Physics,Physics,3:0,3.0,Justin Raj David,"Mon, Wed, Fri 12:00-13:00"
PH 207,Electronics I,Physics,1:2,3.0,Shubhadeep Biswas,"Mon, Wed 14:00-17:00"
PH 211,General Physics Laboratory,Physics,0:3,3.0,Srimanta Middey & Aveek Bid,"Tue, Thu, Fri 14:00-17:00"
PH 213,Advanced Experiments in Condensed Matter Physics,Physics,0:4,4.0,Anil Kumar P S,"Mon, Wed, Fri 14:00-15:00"
PH 217,Fundamentals of Astrophysics,Physics,3:0,3.0,Ashish Kumar Meena,"Tue, Thu 11:00-12:30"
PH 300,Seminar Course,Physics,1:0,1.0,Nirupam Roy,Fri 15:00-18:00
PH 320,Condensed Matter Physics - II,Physics,3:0,3.0,Sumilan Banerjee,"Tue, Thu 14:00-15:30"
PH 325,Advanced Statistical Physics,Physics,3:0,3.0,Vijay B Shenoy,"Tue, Thu 15:30-17:00"
PH 353,Principles of Magnetism,Physics,3:0,3.0,Srimanta Middey,"Mon, Wed 16:00-17:30"
PH 372,Radiative Processess in Astrophysics,Physics,3:0,3.0,Prantika Bhowmik,"Tue, Thu 14:00-15:30"
PH 373,Introduction to Fluid Mechanics and Plasma Physics,Physics,3:0,3.0,Prantika Bhowmik,"Tue, Thu 09:30-11:00"
PH 378,Discrete Photonics and Quantum Analogies,Physics,3:0,3.0,Sebabrata Mukherjee,"Tue, Thu 14:00-15:30"
PH 393,Next Generation Strategies for Engineering and Pro,Physics,3:0,3.0,Akshay Singh & Anil Kumar P S,"Tue, Thu 14:00-15:30"
QT 202,Introduction to Quantum Measurement,Instrumentation and Applied Physics_QT,3:0,3.0,Baladitya Suri,"Tue, Thu 11:30-13:00"
QT 207,Introduction to Quantum Computation,Instrumentation and Applied Physics_QT,3:0,3.0,Chandrashekar C M,"Mon, Wed 11:30-13:00"
QT 209,Introduction to Quantum Communications and Cryptography,Instrumentation and Applied Physics_QT,3:0,3.0,Sanjit Chatterjee & Varun Raghunathan & Manukumara Manjappa,"Mon, Wed 10:00-11:30"
QT 211,Basic Quantum Technology Laboratory,Instrumentation and Applied Physics_QT,1:2,3.0,Vibhor Singh,ANY TWO DAYS: FROM 3:30-5P
RD 201,Genetics,"Molecular Reproduction, Dev and Genetics",2:0,2.0,Srimonta Gayen,"Wed, Fri 15:30-16:30"
RD 204,Principles of Signal Transduction in Biological Systems,"Molecular Reproduction, Dev and Genetics",2:0,2.0,Nikhil R Gandasi,"Tue, Thu 14:00-15:30"
RD 212,Research Methods in experimental Biology,"Molecular Reproduction, Dev and Genetics",0:1,1.0,Shantanu P Shukla & Rajakumari Sonaimuthu,"LAB COURSE & Mon, Wed, Fri 08:00-09:00"
RD 213,Stem cells and Mammalian development,"Molecular Reproduction, Dev and Genetics",2:0,2.0,Srimonta Gayen & Annapoorni Rangarajan,"Tue, Thu 11:00-12:00"
RD 214,Translational Oncology and Clinical Trial Design,"Molecular Reproduction, Dev and Genetics",2:0,2.0,Maya Raghunandan,"Tue, Thu 11:30-13:00"
SL 201,Seminar in Mobility Systems,Transportation and Urban Planning,1:0,1.0,Abdul Rawoof Pinjari,Fri 11:30-13:00
SL 221,Introduction to Multi-Modal Mobility Systems,Transportation and Urban Planning,3:1,4.0,Vijay Gopal Kovvali,"Tue, Thu 10:00-11:30"
SL 222,Transportation Demand and Supply Modeling,Transportation and Urban Planning,3:1,4.0,Abdul Rawoof Pinjari,"Tue, Thu 11:30-13:00"
SL 225,Logistics and Freight Modeling,Transportation and Urban Planning,3:1,4.0,Tarun Rambha,"Tue, Thu 08:30-10:00"
SL 299A,Dissertation Project A,Transportation and Urban Planning,0:7,7.0,Tarun Rambha,"Mon, Wed, Fri 08:00-09:00"
SS 201,Thermodynamics and Statistical Mechanics,Solid State and Structural Chemistry,3:0,3.0,P Govardhan Reddy,"Tue, Thu 08:30-10:00"
SS 202,Introductory Quantum Chemistry,Solid State and Structural Chemistry,3:0,3.0,Awadhesh Narayan,"Tue, Thu 14:00-15:30"
SS 205,Symmetry and Structure in the Solid State,Solid State and Structural Chemistry,3:0,3.0,Sreedhara M B,"Tue, Thu 08:30-10:00"
SS 209,Electrochemical Systems,Solid State and Structural Chemistry,3:0,3.0,Naga Phani B Aetukuri,"Tue, Thu 15:30-17:00"
SS 304,Solar Energy: Advanced Materials and Devices,Solid State and Structural Chemistry,3:0,3.0,Satish Amrutrao Patil,"Tue, Thu 10:00-11:30"
SS 307,Magnetic Resonance and Quantum Technologies,Solid State and Structural Chemistry,3:0,3.0,Sheetal Kumar Jain,"Tue, Thu 11:30-13:00"
ST 213,Turbo machines in Renewable Energy,Sustainable Technologies,3:0,3.0,Punit Singh,"Tue, Thu 14:00-15:30"
ST 214,Mathematical Analysis of Experimental Data,Sustainable Technologies,3:0,3.0,Lakshminarayana Rao M P,"Tue, Thu 08:30-10:00"
ST 217,"Field hydrology, river engineering and basin studies",Sustainable Technologies,3:1,4.0,Punit Singh,"Tue, Thu 08:30-10:00"
ST 221,Concrete Technology: fundamentals and sustainable practices,Sustainable Technologies,3:0,3.0,Souradeep Gupta,"Tue, Thu 11:30-13:00"
ST 224,Renewable energy,Sustainable Technologies,3:0,3.0,Lakshminarayana Rao M P,"Tue, Thu 11:30-13:00"
ST 225,Sustainable Materials,Sustainable Technologies,3:0,3.0,Navneet Kumar Gupta,"Mon, Fri 09:00-10:30"
ST 226,Sustainable Water Management,Sustainable Technologies,3:0,3.0,Punit Singh & Yagnaseni Roy & Sreenivasan Ramaswami,"Tue, Thu 15:30-17:00 & Tue, Thu 14:00-15:30"
UB 201L,Introductory Biology III,Bachelor of Science,0:1,1.0,Tanweer Hussain & Arnab Barik & Dipankar Nandi,"Tue, Thu 14:00-15:30 & Tue, Thu 15:30-17:00"
UB 201T,Introductory Biology - III,Bachelor of Science,2:0,2.0,Tanweer Hussain & Dipankar Nandi,"Tue, Thu 14:00-15:30 & Mon, Wed, Fri 09:00-10:00"
UB 301L,Experiments in Microbiology,Bachelor of Science,0:1,1.0,Dipshikha Chakravortty,"Mon, Wed, Fri 16:00-17:00"
UB 307L,Experiments in Ecology and Evolution,Bachelor of Science,0:2,2.0,Anubhab Khan,"Mon, Wed, Fri 12:00-13:00"
UBL 101L,Introductory Biology I (Lab),Bachelor of Science,0:1,1.0,Jayanta Chatterjee,"Mon, Wed, Fri 14:00-15:00"
UBL 101T,Introductory Biology I,Bachelor of Science,3:0,3.0,Jayanta Chatterjee,"Mon, Wed, Fri 11:00-12:00"
UBL 201L,Introductory Biology III (Lab),Bachelor of Science,0:1,1.0,Tanweer Hussain & Ashesh Kumar Dhawale,"Tue, Thu 15:30-17:00"
UBL 201T,Introductory Biology III,Bachelor of Science,3:0,3.0,Tanweer Hussain & Ashesh Kumar Dhawale,"Tue, Thu 14:00-15:30"
UC 301,Organic & Inorganic Chemistry Laboratory,Bachelor of Science,0:1,1.0,Rajamalli P,"Mon, Wed, Fri 10:00-11:00"
UC 402,"Molecular Spectroscopy,Dynamics and Photochemistry",Bachelor of Science,3:0,3.0,Soumen Ghosh,"Tue, Thu 11:30-13:00"
UCY 101L,Introductory Chemistry I (Lab),Bachelor of Science,0:1,1.0,Veerabhadrarao Kaliginedi & Mrinmoy De & Susanta Hazra,"Mon, Tue, Wed, Thu, Fri 14:00-17:30 & Mon, Tue, Thu, Fri 14:00-17:30 & Mon, Wed, Fri 12:00-13:00"
UCY 101T,Introductory Chemistry I,Bachelor of Science,3:0,3.0,Anshu Pandey,"Tue, Wed, Thu 09:50-10:00"
UCY 201L,Introductory Chemistry III Laboratory,Bachelor of Science,0:1,1.0,Mrinmoy De & Subinoy Rana,"Mon, Tue, Thu, Fri 14:00-17:00 & Mon, Tue, Thu, Fri 14:00-17:30"
UCY 201T,Introductory Chemistry III,Bachelor of Science,3:0,3.0,Vignesh Palani & Durga Prasada Rao Hari,"Mon, Wed, Fri 10:00-11:00"
UCY 301, ORGANIC AND INORGANIC CHEMISTRY LABORATORY,Bachelor of Science,0:3,3.0,Sharvan Kumar,"Mon, Tue, Wed 14:00-17:00"
UEES 301L,Introduction to Earth System Laboratory,Bachelor of Science,0:1,1.0,Sambuddha Misra,Wed 16:00-16:50
UEES 301T,Introduction to Earth System,Bachelor of Science,2:0,2.0,Sambuddha Misra,"Tue, Thu 16:00-16:50"
UEES 313L,Lab: Experimental Methods In Environmental Engineering,Bachelor of Science,0:1,1.0,Yagnaseni Roy,"Mon, Wed, Fri 16:00-17:00"
UEES 313T,Experimental methods in Environmental Engineering,Bachelor of Science,2:0,2.0,Yagnaseni Roy,"Mon, Wed, Fri 11:00-12:00"
UENG 201,Introduction to Materials Science,Bachelor of Science,3:0,3.0,Suchandrima Das,"Mon, Fri 12:00-12:50 & Wed 15:00-15:50"
UES 314,DESIGN PRINCIPLES IN ENVIRONMENTAL ENGINEERING,Bachelor of Science,3:0,3.0,Lakshminarayana Rao M P,"Tue, Thu 10:00-11:30"
UHS 102,Introduction to Music Appreciation,Bachelor of Science,2:0,2.0,Srikanth Krishnan Iyer,"Mon, Wed, Fri 11:00-12:00"
UHS 104,Introduction to Phonetics and Linguistics,Bachelor of Science,2:0,2.0,Srikanth Krishnan Iyer,"Mon, Wed, Fri 11:00-12:00"
UHS 111,Designing Sustainably,Bachelor of Science,2:0,2.0,Srikanth Krishnan Iyer,"Mon, Wed, Fri 11:00-12:00"
UHS 112,Practical English Communication,Bachelor of Science,2:0,2.0,Srikanth Krishnan Iyer,"Mon, Wed, Fri 11:00-12:00"
UHS 121,Legal System Fundamentals,Bachelor of Science,2:0,2.0,Srikanth Krishnan Iyer,"Mon, Wed, Fri 11:00-12:00"
UHS 130,Principles of Anthropology,Bachelor of Science,2:0,2.0,Srikanth Krishnan Iyer,"Mon, Wed, Fri 11:00-12:00"
UHS 132,Basic Economics,Bachelor of Science,2:0,2.0,Srikanth Krishnan Iyer,"Mon, Wed, Fri 11:00-12:00"
UHS 134,Methods of History,Bachelor of Science,2:0,2.0,Srikanth Krishnan Iyer,"Mon, Wed, Fri 11:00-12:00"
UHS 136,Foundations of Political Science,Bachelor of Science,2:0,2.0,Srikanth Krishnan Iyer,"Mon, Wed, Fri 11:00-12:00"
UHS 137,Introduction to Psychology,Bachelor of Science,2:0,2.0,Srikanth Krishnan Iyer,"Mon, Wed, Fri 11:00-12:00"
UHS 238,"Culture, Technology, and Human Behaviour: Understanding Media,",Bachelor of Science,2:0,2.0,Srikanth Krishnan Iyer,Wed 11:00-12:50
UI 301,In-semester Project,Bachelor of Science,0:1,1.0,Dipshikha Chakravortty,"Mon, Wed, Fri 15:00-16:00"
UM 501,Masters Project A,Bachelor of Science,0:6,6.0,Vamsi Pritham Pingali,"Mon, Wed, Fri 14:00-15:00"
UMA 101,Analysis and Linear Algebra I,Bachelor of Science,4:0,4.0,Shaunak Vilas Deo,"Tue, Thu 11:00-12:20"
UMA 201,Probability and Statistics,Bachelor of Science,4:0,4.0,Sanchayan Sen,"Tue, Thu 11:30-13:00"
UMT 301,Materials Kinetics,Bachelor of Science,3:0,3.0,Chandan Srivastava,"Mon, Wed, Fri 14:00-15:00"
UMT 302,Introduction to Materials Processing,Bachelor of Science,2:1,3.0,Surendra Kumar Makineni,"Tue, Thu 11:30-13:00"
UMT 302L,Materials Processing Lab,Bachelor of Science,0:1,1.0,Surendra Kumar Makineni,"Tue, Thu 14:00-15:30"
UMT 302T,Introduction To Materials Processing,Bachelor of Science,2:0,2.0,Surendra Kumar Makineni,"Tue, Thu 11:30-13:00"
UMT 309,Functional Properties of Materials,Bachelor of Science,3:0,3.0,Subho Dasgupta,"Tue, Thu 14:00-15:30"
UMT 312L,Mechanical Testing Lab,Bachelor of Science,0:1,1.0,Karthikeyan Subramanian,"Tue, Thu 14:00-15:30"
UMT 312T,Mechanical Testing And Failure Of Materials,Bachelor of Science,2:0,2.0,Karthikeyan Subramanian,"Tue, Thu 08:30-10:00"
UP 201L,Introductory Physics III (Lab),Bachelor of Science,0:1,1.0,Ganesan R,"Mon, Tue, Wed 14:00-17:00"
UP 211,Under Graduate General Physics Laboratory,Unknown Department,0:3,3.0,Tapajyoti Das Gupta,"Mon, Wed, Fri 14:00-15:00"
UPH 101L,Introductory Physics I (Lab),Bachelor of Science,0:1,1.0,Ramesh K & Animesh Kuley,"14:00 - 17:30 & Mon, Tue, Wed, Thu, Fri 14:00-17:30"
UPH 101T,Introductory Physics I,Bachelor of Science,3:0,3.0,Tarun Deep Saini,"Tue, Thu 10:00-11:30"
UPH 201L,Introductory Physics III Laboratory,Bachelor of Science,0:1,1.0,Ganesan R,"Mon, Tue, Wed 14:00-17:00"
UPH 201T,Introductory Physics III,Bachelor of Science,3:0,3.0,Prerna Sharma,"Mon, Wed, Fri 11:00-12:00"
WR 201,Watershed Modeling,Water Research,2:1,3.0,Rajarshi Das Bhowmik,"Mon, Wed, Fri 14:00-15:00"
WR 203,Applied geochemical modeling and Water quality analysis,Water Research,2:1,3.0,Praveen Ramamurthy,"Tue, Thu 10:00-11:30"
